Tweets	id	len	date	source	likes	rt
#Plumaje |¬†Hay que leer la Cartilla moral, aceptando la propuesta de tomarla en cuenta, pero tambi√©n hay que leerla‚Ä¶ https://t.co/z5YG3L5FqK	1118700425132347392	140	2019-04-18 02:19:00	Buffer	1	0
Si el memor√°ndum para cancelar la reforma educativa de @EPN es ilegal, que la oposici√≥n denuncie o se ampare ante i‚Ä¶ https://t.co/EorTIlGPyM	1118697656761692160	140	2019-04-18 02:08:00	Buffer	58	20
#Plumaje | La diferencia entre el SESNP, el INEGI y los datos de la #ConferenciaMatutina: lo que dicen de la violen‚Ä¶ https://t.co/VqiWijXzpW	1118694888688713728	140	2019-04-18 01:57:00	Buffer	4	3
"#Lo√öltimo | Por segundo d√≠a consecutivo, se mantiene la #ContingenciaAmbiental en el Valle de M√©xico.

¬øQu√© estamos‚Ä¶ https://t.co/yQscx779Uo"	1118693435739967489	140	2019-04-18 01:51:14	Twitter Web Client	6	11
Con cerca de 14 mil pesos en promedio, Ciencias Biol√≥gicas y Arquitectura son las carreras mejor pagadas en M√©xico.‚Ä¶ https://t.co/3EEXIDTsmY	1118692122394275840	140	2019-04-18 01:46:00	Buffer	20	8
#Plumaje |¬†¬øEs el #MeTooMx un ataque hacia los hombres?, ¬ørealmente muchos hombres act√∫an de esa forma?, ¬øes sufici‚Ä¶ https://t.co/91lVsdArjd	1118689353998446594	140	2019-04-18 01:35:00	Buffer	8	3
Tres comisionados de Energ√≠a han renunciado desde que inici√≥ el @GobiernoMX, encabezado por @lopezobrador_. https://t.co/WB9wgkrILz	1118686584830943232	131	2019-04-18 01:24:00	Buffer	34	17
#Plumaje |¬†La nueva arquitectura del poder requiere cimientos institucionales fuertes. Un texto de Elio Villase√±or.‚Ä¶ https://t.co/VKhcAE73Bj	1118683819329105921	140	2019-04-18 01:13:01	Buffer	3	1
¬°Paga precio justo! La @Profeco lanza herramienta para comparar costos en pescados y mariscos. https://t.co/r92TGKuW8i	1118681050815893504	118	2019-04-18 01:02:01	Buffer	9	3
Ayer, un tribunal liber√≥ orden de aprehensi√≥n contra el exgobernador poblano Mario Mar√≠n y Kamel Nacif, por delito‚Ä¶ https://t.co/PTAi3DOBPV	1118678282562691072	139	2019-04-18 00:51:01	Buffer	140	63
La @FGE_Veracruz localiza al menos 36 fosas clandestinas en un predio de Veracruz; descubrimiento se dio por denunc‚Ä¶ https://t.co/tF6Djzkf4t	1118675572773851136	140	2019-04-18 00:40:15	Buffer	17	17
El proyecto ‚ÄúHack against Hunger‚Äù, de la @FAOAmericas, invita a j√≥venes a desarrollar soluciones que aborden los re‚Ä¶ https://t.co/oqH6q0Cahv	1118672747259940865	140	2019-04-18 00:29:01	Buffer	9	10
Gasolineras que el @GobiernoMX incluy√≥ en el listado de precios m√°s bajos est√°n cerradas o clausuradas;‚Ä¶ https://t.co/i6pRCVrjtW	1118669722952830982	128	2019-04-18 00:17:00	Buffer	85	60
Conoce m√°s sobre las imponentes g√°rgolas de #NotreDame, @bbcmundo te cuenta. https://t.co/d7hTXxuR6z	1118666955177775107	100	2019-04-18 00:06:00	Buffer	15	6
Investigadores de @CEDRSSA advierten que es necesario modificar los m√©todos de producci√≥n agropecuaria en M√©xico, a‚Ä¶ https://t.co/jTGd28hsvs	1118664437064400897	140	2019-04-17 23:56:00	Buffer	23	13
¬°A echarse un chapuz√≥n! Estas son las playas m√°s limpias de M√©xico; las de Baja California Norte y Sur encabezan la‚Ä¶ https://t.co/OXUJ3GG8l3	1118661672921702403	140	2019-04-17 23:45:01	Buffer	26	8
Depuraci√≥n de polic√≠as pendiente: en M√©xico 1 de cada 5 elementos en activo no cumple con el requisito de control d‚Ä¶ https://t.co/GDHLftgdYh	1118658903930286081	140	2019-04-17 23:34:01	Buffer	55	43
"Toma precauciones en vacaciones: estas son las carreteras federales con m√°s asaltos. 
 https://t.co/86e4o64FM4"	1118656133525397505	110	2019-04-17 23:23:00	Buffer	14	8
A 5 a√±os de su muerte, te contamos por qu√© Gabriel Garc√≠a M√°rquez nunca quiso que filmaran '100 a√±os de soledad', t‚Ä¶ https://t.co/mNcnopiGq5	1118653364600999942	140	2019-04-17 23:12:00	Buffer	40	18
"30 hombres armados atacan una comandancia en Chihuahua; hay dos muertos.
 https://t.co/e1VLd7ZLES"	1118650599371870208	97	2019-04-17 23:01:01	Buffer	17	10
"¬øEres de los que revisa el siguiente puente a√∫n cuando est√° de vacaciones?

Ch√©calos aqu√≠. https://t.co/n9aw6ARUzR"	1118647829239562241	114	2019-04-17 22:50:00	Buffer	14	3
Contin√∫a la contingencia ambiental en la Ciudad de M√©xico; a las 8 de la noche habr√° un nuevo informe. https://t.co/OyqbNZIWTj	1118645059740688384	126	2019-04-17 22:39:00	Buffer	25	8
¬øQu√© es una #ContingenciaAmbiental y cu√°les son las part√≠culas contaminantes que respiramos a diario en la Ciudad d‚Ä¶ https://t.co/gqUnUw4SY6	1118644231092998144	140	2019-04-17 22:35:42	Buffer	22	18
Playa Suave y Hornos, en Acapulco; Playa Principal, en Puerto Escondido... estas y otras son las m√°s sucias de M√©xi‚Ä¶ https://t.co/8EW8TmtUdm	1118642294326996995	140	2019-04-17 22:28:00	Buffer	11	8
Avengers: Endgame est√° a la vuelta de la esquina. @NewsweekEspanol hizo una gu√≠a para entender m√°s el final... que‚Ä¶ https://t.co/nzrH3BzGxB	1118639526547685376	139	2019-04-17 22:17:01	Buffer	24	6
"¬°Deja de batallar con tu maleta! Te damos los trucos infalibles para aprovechar cada espacio. 

Por @bbcmundo. https://t.co/neinYAFVfx"	1118636756025401345	134	2019-04-17 22:06:00	Buffer	13	4
"üíÉüèªüé∂ Ne ne ne ne ne qu√© vas a ser cuando seas grande üéµüé∂üíÉüèª

Bueno... ser√© un adulto que hace una declaraci√≥n anual. https://t.co/xE4emuTwLB"	1118633986430054401	137	2019-04-17 21:55:00	Buffer	20	4
Pueblos originarios de Xochimilco buscan crear concejos de gobierno aut√≥nomo, para resolver problemas que autoridad‚Ä¶ https://t.co/UD9IJegPhc	1118631221288947713	140	2019-04-17 21:44:00	Buffer	51	20
La @FiscaliaSinaloa detiene a dos personas por su presunta participaci√≥n en el asesinato del periodista deportivo O‚Ä¶ https://t.co/xIP0TBjsFq	1118628451295084544	140	2019-04-17 21:33:00	Buffer	13	1
Seg√∫n portal de transparencia, funcionarios de @Pemex vinculados a #LaEstafaMaestra mantuvieron su n√≥mina; ellos di‚Ä¶ https://t.co/4D89X799HC	1118625684086296583	140	2019-04-17 21:22:00	Buffer	44	41
Conoce sobre la red de colaboraci√≥n entre cient√≠ficos, agricultores, proveedores y autoridades, en acciones de ‚Äúcul‚Ä¶ https://t.co/jxp2lR0qbt	1118623721269362688	140	2019-04-17 21:14:12	Buffer	28	5
"#Lo√öltimo | La @FiscaliaSinaloa detiene a pareja acusada del homicidio del periodista Omar Iv√°n Camacho.

Fue asesi‚Ä¶ https://t.co/njtmhwK5fd"	1118621068288196608	140	2019-04-17 21:03:40	Twitter Web Client	26	10
RT @animalgourmet: ¬øYa conoces #Cocineros? Si tu respuesta es NO, es hora de que los conozcas. Celia Florian es una cocinera tradicional oa‚Ä¶	1118620172401745922	140	2019-04-17 21:00:06	Buffer	0	7
‚ÄúEst√°n en su derecho‚Ä¶ si se comete una infracci√≥n o delito hay que presentar denuncias‚Äù, dijo @lopezobrador_ acerca‚Ä¶ https://t.co/p8PEXt14Hu	1118617637301440514	140	2019-04-17 20:50:02	Buffer	32	9
¬øQu√© hacer para mejorar nuestra calidad del sue√±o? @bbcmundo rompe 6 mitos y te explica c√≥mo afectan tu salud.‚Ä¶ https://t.co/ucJ50p3zfs	1118614618442752000	135	2019-04-17 20:38:02	Buffer	23	5
Los m√°s de 97 mil pacientes que reciben tratamiento para VIH en unidades de @SSalud_mx tienen garantizada la entreg‚Ä¶ https://t.co/yD6nNuJqkp	1118611594487980033	140	2019-04-17 20:26:01	Buffer	13	16
#GameOfThrones: 5 hechos hist√≥ricos que inspiraron algunos de los momentos de la serie. üëá https://t.co/CHAXXVRK5M https://t.co/v7hgszgVJo	1118608575742599168	137	2019-04-17 20:14:01	Buffer	6	0
Guadalupe se realizar√≠a una ces√°rea en el @INPer_mx, pero, aunque su embarazo era de alto riesgo, no la atendieron‚Ä¶ https://t.co/7GBjj6Ykxo	1118605551359922183	139	2019-04-17 20:02:00	Buffer	14	25
Los tres funcionarios de @Pemex relacionados con #LaEstafaMaestra fueron separados del cargo hasta el 11 de abril;‚Ä¶ https://t.co/iKgI5iF9EG	1118603041488478208	139	2019-04-17 19:52:02	Buffer	12	4
El expediente de @lopezobrador_, elaborado por la entonces Direcci√≥n Federal de Seguridad, revela que su salida del‚Ä¶ https://t.co/r0rPWs7vSY	1118599763472076802	140	2019-04-17 19:39:00	Buffer	32	17
Una nota llena de spoilers sobre Game of Thrones, pero que presenta 5 teor√≠as descabelladas sobre el final de la se‚Ä¶ https://t.co/QdZ8jSoi9U	1118596503583559680	140	2019-04-17 19:26:03	Buffer	17	2
RT @NewsweekEspanol: Andr√©s Manuel L√≥pez Obrador y la actriz Yalitza Aparicio ocupan un lugar en la lista de las 100 personas m√°s influyent‚Ä¶	1118593221590958081	140	2019-04-17 19:13:01	Buffer	0	25
Todas las playas del pa√≠s son aptas para recibir turistas, aunque las m√°s limpias est√°n en Baja California, Baja Ca‚Ä¶ https://t.co/T0hjggeQdy	1118589994636066819	140	2019-04-17 19:00:11	Buffer	47	23
Xochimilco, la primera alcald√≠a de CDMX en la que sus pueblos originarios buscan el autogobierno.‚Ä¶ https://t.co/n2564hdfeO	1118586933087756288	122	2019-04-17 18:48:01	Buffer	44	11
La propuesta de Ley de la #GuardiaNacional entregada al Senado por el consejero jur√≠dico de Presidencia plante√≥ que‚Ä¶ https://t.co/uEC4ptbq2E	1118583908172480513	140	2019-04-17 18:36:00	Buffer	19	10
Ojo: @Claudiashein inform√≥ que a partir de las 18:00 horas de este mi√©rcoles todos los autom√≥viles podr√°n circular‚Ä¶ https://t.co/lJa0lxKhYg	1118580890429530112	139	2019-04-17 18:24:01	Buffer	24	12
#Plumaje | ¬øC√≥mo medir la violencia en 2019? @datacivica hizo una revisi√≥n de las principales fuentes de informaci√≥‚Ä¶ https://t.co/g9moREpYib	1118577872254439424	140	2019-04-17 18:12:01	Buffer	3	0
"RT @animalgourmet: Hacer un huerto en casa es m√°s f√°cil de lo que crees, a la larga ahorras y cuidas tu alimentaci√≥n. üòâüå±
https://t.co/EbyKw‚Ä¶"	1118574972631494663	140	2019-04-17 18:00:30	Buffer	0	44
Con un ingreso mensual de m√°s de 13 mil pesos, Ciencias Biol√≥gicas y Arquitectura son las carreras mejor pagadas en‚Ä¶ https://t.co/P0x53gfdYp	1118572593701900291	140	2019-04-17 17:51:03	Buffer	35	11
La Ley de #GuardiaNacional contempla para esta nueva fuerza todas las funciones que actualmente est√°n a cargo de la‚Ä¶ https://t.co/tXRFkTjMg9	1118569825956188160	140	2019-04-17 17:40:03	Buffer	6	1
¬øVas a viajar en autob√∫s en esta #SemanaSanta? Ojo: Solo cuatro empresas controlan el 95% de las rutas que hay en e‚Ä¶ https://t.co/5UzglvXyXO	1118567047062007809	140	2019-04-17 17:29:00	Buffer	34	41
¬øLa creaci√≥n de empleos en el primer trimestre del a√±o fue la m√°s alta en 10 a√±os, como afirm√≥ el presidente‚Ä¶ https://t.co/1nSGUgfmrK	1118564286966661122	133	2019-04-17 17:18:02	Buffer	19	16
El @Censida asegura que los medicamentos para personas con VIH est√°n garantizados hasta junio de 2019, aunque el go‚Ä¶ https://t.co/CFfhak8Ni7	1118561515865616384	140	2019-04-17 17:07:01	Buffer	18	7
Ojo: La @CAMegalopolis inform√≥ que se mantiene la Fase 1 de #ContingenciaAmbiental en la Zona Metropolitana del Val‚Ä¶ https://t.co/t3A2CF4m4E	1118559244557664256	140	2019-04-17 16:58:00	Buffer	14	11
El gasto en publicidad del gobierno se redujo en un 50%, debido a la propuesta de autoridad de la actual administra‚Ä¶ https://t.co/hQSkuvvWZr	1118556483208269825	140	2019-04-17 16:47:02	Buffer	15	3
Investigadores del @CEDRSSA se√±alaron que, ante el cambio clim√°tico, es necesario modificar los medios de producci√≥‚Ä¶ https://t.co/iKvgGOKPJJ	1118553711146565633	140	2019-04-17 16:36:01	Buffer	22	10
Ante el incremento del consumo de pescados y mariscos en Cuaresma, la @Profeco publica la lista de precios m√≠nimos‚Ä¶ https://t.co/smHONDGhrk	1118550945502248960	139	2019-04-17 16:25:01	Buffer	10	6
¬øTe imaginas ir al espacio y rejuvenecer? @bbcmundo te cuenta m√°s sobre el caso del astronauta Scott Kelly.‚Ä¶ https://t.co/iSFpsLH1Vg	1118548185247625217	132	2019-04-17 16:14:03	Buffer	12	4
"La @PoliciaFedMx est√° en ""quiebra‚Äù: debe 2 mil 500 mdp de vi√°ticos, gasolina y hasta indemnizaciones para sus eleme‚Ä¶ https://t.co/fjKjncVeYF"	1118545411256586240	140	2019-04-17 16:03:02	Buffer	60	67
"Hola, adulto, recuerda que el 30 de abril vence el plazo para que presentes tu declaraci√≥n anual.
Aqu√≠ todo lo que‚Ä¶ https://t.co/pFDLf4JKmE"	1118542648158162947	139	2019-04-17 15:52:03	Buffer	15	10
RT @NewsweekEspanol: #Lo√öltimo | Medios locales reportan la muerte del expresidente de Per√∫, Alan Garc√≠a, tras dispararse un tiro en la cab‚Ä¶	1118539866285969413	140	2019-04-17 15:41:00	Buffer	0	30
Dormir poco, beber para quedarse dormido o mirar televisi√≥n en la cama para relajarte, algunos de los mitos del sue‚Ä¶ https://t.co/5llqpEjm6z	1118536858814775297	140	2019-04-17 15:29:03	Buffer	34	6
"RT @animalgourmet: Los chefs Daniel Ovadia y Chava Orozco nos compartieron su receta de SHAKSHUKA. üôåüèºüôåüèºüôåüèº
¬°C√°mbiale al desayuno de siempre!‚Ä¶"	1118534086874816512	140	2019-04-17 15:18:02	Buffer	0	17
"Estas son las empresas que venden m√°s caros los combustibles, de acuerdo con la secretaria @rocionahle:
-Gasolina M‚Ä¶ https://t.co/FHG0ucRJjG"	1118531311810035712	140	2019-04-17 15:07:00	Buffer	33	32
El presidente @lopezobrador_ dijo que con el memor√°ndum para que no se aplique la #ReformaEducativa quiso mandar un‚Ä¶ https://t.co/qkp6CopdUF	1118528547717636098	140	2019-04-17 14:56:01	Buffer	16	7
¬øViajar√°s a Acapulco, Guerrero, o a Puerto Escondido, Oaxaca? De acuerdo con la @COFEPRIS, en en dichos sitios tur√≠‚Ä¶ https://t.co/OnopzS7wuK	1118525785063739400	140	2019-04-17 14:45:03	Buffer	22	15
.@bbcmundo te cuenta c√≥mo es un d√≠a en la vida del presidente ejecutivo de Twitter, Jack Dorsey, quien tiene una fo‚Ä¶ https://t.co/o8wU7rrXMy	1118523011718615041	140	2019-04-17 14:34:01	Buffer	15	2
¬øSospechas que tu celular o tu tableta recoge tus conversaciones? Hackear los micr√≥fonos para espiar a alguien es s‚Ä¶ https://t.co/VcBSrhoX4t	1118520244027392001	140	2019-04-17 14:23:01	Buffer	33	21
¬øEs posible vivir un d√≠a en M√©xico sin hacer m√°s rico a Carlos Slim? Las empresas del magnate est√°n presentes en la‚Ä¶ https://t.co/iI4DXKTXRB	1118517476806017029	140	2019-04-17 14:12:02	Buffer	65	41
Mi√©rcoles de #ContingenciaAmbiental: Las autoridades prev√©n que para el medio d√≠a se incremente la velocidad del vi‚Ä¶ https://t.co/0ShkwrJHek	1118514708380835841	140	2019-04-17 14:01:02	Buffer	10	10
La @CDHDF investiga una queja interpuesta por la familia de una mujer con diagn√≥stico de embarazo de alto riesgo a‚Ä¶ https://t.co/2RiaNs1pFL	1118512435877617664	139	2019-04-17 13:52:00	Buffer	25	13
¬°Atenci√≥n, vacacionistas! En Baja California, Baja California Sur y Campeche se encuentran las playas m√°s limpias,‚Ä¶ https://t.co/k7V9R6s8uq	1118509671571185665	139	2019-04-17 13:41:01	Buffer	32	13
Luego de que @lopezobrador_ negara que se pretenda cobrar a los estados por el apoyo de la #GuardiaNacional ‚Äìque se‚Ä¶ https://t.co/YKr5uXIixq	1118506653731606529	140	2019-04-17 13:29:01	Buffer	13	9
#HoyEnAnimal | El presidente @lopezobrador_ afirm√≥ que el incremento de empleos es el mayor visto desde hace 10 a√±o‚Ä¶ https://t.co/ExwPOex2Tr	1118503889035304960	140	2019-04-17 13:18:02	Buffer	53	45
"@JesusRCuevas @lopezobrador_ ""Para dejar las cosas en claro, consider√© conveniente escribir este memor√°ndum. Nada d‚Ä¶ https://t.co/rufnqMTDoc"	1118496744868700160	140	2019-04-17 12:49:39	TweetDeck	6	0
@JesusRCuevas Acerca del memor√°ndum que present√≥ ayer @lopezobrador_, el presidente dice que hay muchas opiniones a‚Ä¶ https://t.co/x9Y89gYqNE	1118496048270331904	140	2019-04-17 12:46:53	TweetDeck	4	0
@Elv00156723 @JesusRCuevas Buen d√≠a, Elv. No, la transmisi√≥n de la conferencia no retribuye econ√≥micamente a los me‚Ä¶ https://t.co/bFMYHoK3IB	1118493374271483904	140	2019-04-17 12:36:15	TweetDeck	0	0
"@JesusRCuevas ""Podemos ver c√≥mo se concentraba la contrataci√≥n de medios en unas cuantas empresas, nosotros queremo‚Ä¶ https://t.co/IUFjwoZkaC"	1118492428950835200	140	2019-04-17 12:32:30	TweetDeck	4	3
"""En el caso del presupuesto de 2019, que ya le toca a este gobierno... no se va a mover, no se pedir√° ninguna ampli‚Ä¶ https://t.co/lSl0oQCRly"	1118491445915049984	140	2019-04-17 12:28:35	TweetDeck	9	8
En la #ConferenciaPresidente, @JesusRCuevas presenta las cifras en gasto de publicidad oficial de la administraci√≥n‚Ä¶ https://t.co/n2rhYpoj2g	1118491111150899202	140	2019-04-17 12:27:16	TweetDeck	21	16
"@lopezobrador_ @rocionahle @JesusRCuevas ""Este gobierno nunca har√° ninguna recomendaci√≥n informativa a medios de co‚Ä¶ https://t.co/cFX9Q5jo10"	1118490783844147200	140	2019-04-17 12:25:58	TweetDeck	15	5
"@lopezobrador_ @rocionahle @JesusRCuevas ""Esto hab√≠a sido una pr√°ctica del pasado, nunca m√°s va a ocurrir. Hemos es‚Ä¶ https://t.co/Jj9qhEMoOv"	1118490399704666112	140	2019-04-17 12:24:26	TweetDeck	16	4
@lopezobrador_ @rocionahle Acerca de la estrategia de comunicaci√≥n del presidente, el vocero @JesusRCuevas explica‚Ä¶ https://t.co/YVlydW9CW9	1118490031696404480	139	2019-04-17 12:22:58	TweetDeck	10	1
"@lopezobrador_ @rocionahle ""S√≠ existe, ten√≠as t√∫ la raz√≥n, pero ya se va a quitar para que no haya ninguna duda. Va‚Ä¶ https://t.co/d1DwwJL0Pj"	1118487941888626690	140	2019-04-17 12:14:40	TweetDeck	16	6
@lopezobrador_ @rocionahle Tambi√©n se√±ala que, sobre la pregunta de un periodista de por qu√© se iba a cobrar a los‚Ä¶ https://t.co/tjoyTH8JFe	1118487637294108673	139	2019-04-17 12:13:27	TweetDeck	8	5
En la #ConferenciaPresidente, @lopezobrador_ reconoce que, del informe sobre gasolineras que dio a conocer‚Ä¶ https://t.co/v2xo60B9gR	1118487053023338496	131	2019-04-17 12:11:08	TweetDeck	7	2
Sigue la #ConferenciaPresidente aqu√≠. üëá https://t.co/tjUVyciuCJ	1118485893050847234	63	2019-04-17 12:06:32	TweetDeck	23	4
"¬°Buen d√≠a!, ¬øc√≥mo amanecieron?, ¬ølistos para disfrutar del puente? 

Inicien este mi√©rcoles inform√°ndose acerca de‚Ä¶ https://t.co/K5z5B0YMxZ"	1118485072514969602	139	2019-04-17 12:03:16	TweetDeck	25	4
"14 Pueblos originarios de Xochimilco buscan el autogobierno, pese a obst√°culos de la alcald√≠a. 
https://t.co/3l2FSJcOvh"	1118460342865145857	119	2019-04-17 10:25:00	Buffer	18	10
"Los 3 funcionarios de @Pemex participantes en #LaEstafaMaestra fueron separados del cargo el 11 de abril.
https://t.co/A17aUC3duV"	1118445495838441472	129	2019-04-17 09:26:00	Buffer	22	16
"Incendio en Notre Dame: 5 tesoros invaluables que alberga la catedral de Par√≠s.

Por @bbcmundo. 
 https://t.co/d7hTXxuR6z"	1118430898364583936	121	2019-04-17 08:28:00	Buffer	5	2
"L√≥pez Obrador formaliza orden para suspender la aplicaci√≥n de la reforma educativa de Pe√±a Nieto. 
 https://t.co/zTgd3G6fxW"	1118416052671647744	123	2019-04-17 07:29:00	Buffer	13	1
"¬øA√∫n no has hecho tu declaraci√≥n anual? Esto es lo que tienes que saber.
 https://t.co/xE4emuTwLB"	1118415799088295939	97	2019-04-17 07:28:00	Buffer	10	6
"Giran orden de aprehensi√≥n contra Mario Mar√≠n y Kamel Nacif por presunta tortura. 
 https://t.co/69qfUkZL1E"	1118401241758015490	107	2019-04-17 06:30:09	Buffer	101	47
"Gasolineras que el @GobiernoMX incluy√≥ en lista con precios m√°s bajos est√°n cerradas o fueron clausuradas. 
 https://t.co/hGfqgtnNFr"	1118386104879722496	132	2019-04-17 05:30:00	Buffer	153	113
¬°Ahorra tiempo! Con la l√≠nea Smart Appliances, de Whirlpool, puedes controlar tus electrodom√©sticos con el celular.‚Ä¶ https://t.co/kfizVXfU0i	1118382345973915648	140	2019-04-17 05:15:04	Buffer	7	3
Ante el incremento del consumo de pescados y mariscos en Cuaresma, la @Profeco publica lista de precios m√≠nimos y m‚Ä¶ https://t.co/aBNqU9b6CG	1118378807176646659	140	2019-04-17 05:01:00	Buffer	16	6
"Buenas noches, pajaritos. 

Un gif de Selena antes de dormir, hoy que cumplir√≠a 48 a√±os üåπ. https://t.co/opgNHxfQwj"	1118378314975129602	114	2019-04-17 04:59:03	Buffer	308	31
"RT @animalgourmet: Imag√≠nate un pastel de zanahoria hecho galleta, ¬°s√≠ se puede! y aqu√≠ te dejamos la receta. ü•ï ü•ï ü•ï 
https://t.co/tdcsibQ26‚Ä¶"	1118378303885332481	140	2019-04-17 04:59:00	Buffer	0	7
Renuncia otro comisionado de Energ√≠a; van tres en esta administraci√≥n. https://t.co/WB9wgkrILz	1118374784381988864	94	2019-04-17 04:45:01	Buffer	48	17
