id,text,len,date,source,likes,rt
1118986308011978752,"""Esto es terrible. Es el final de mi presidencia. Estoy jod‚Ä¶""
 
La frase que Trump habr√≠a soltado al enterarse de l‚Ä¶ https://t.co/XMyQkuF9J2",140,2019-04-18 21:15:00,TweetDeck,13,6
1118982536842088450,Indignante. En Tlatelolco captaron el momento en el que joven ataca a una mujer mayor por un pleito relacionado con‚Ä¶ https://t.co/NSKFveoqWC,140,2019-04-18 21:00:01,TweetDeck,12,6
1118978758604673024,"Delincuentes interceptaron a familia en carretera para extorsionarlos. Pas√≥ en M√©xico. 

#VIDEO As√≠ ocurrieron los‚Ä¶ https://t.co/HP2Humpj47",139,2019-04-18 20:45:00,TweetDeck,18,11
1118974984611721216,"En menos de 1 minuto, mujer rob√≥ a beb√© en Hospital General (VIDEO) https://t.co/zYVf0V4J0G https://t.co/NTptqw3mrk",115,2019-04-18 20:30:00,TweetDeck,16,12
1118974980572758016,RT @IvanRodz74: Por ahi ya andan los bots diciendo que no es cierto que los Servidores de la Nacion estan identificados como de @GobiernoMX‚Ä¶,140,2019-04-18 20:29:59,Twitter for iPhone,0,107
1118971208760848384,Preocupante dato sobre el robo de autos en Ciudad de M√©xico https://t.co/d6gfr264Oh https://t.co/kEeIXr1dc3,107,2019-04-18 20:15:00,TweetDeck,13,9
1118970154610827265,S√≠. ¬°Urge! https://t.co/THWcUjw7Aw,34,2019-04-18 20:10:48,Twitter for iPhone,97,17
1118967846204260353,üò≥ https://t.co/e2CAbJzCEH,25,2019-04-18 20:01:38,Twitter for iPhone,8,2
1118967436882137092,Buenas noticias para Cruz Azul y sus aficionados https://t.co/i5u0ukJImM https://t.co/LlqgegTpkM,96,2019-04-18 20:00:01,TweetDeck,8,0
1118967300873510912,Obviamente. https://t.co/TYGp88d6mW,35,2019-04-18 19:59:28,Twitter for iPhone,11,8
1118963659567435776,Tomen sus precauciones. Cerrar√°n carriles centrales de Circuito Interior por reparaciones. Aqu√≠ los detalles:‚Ä¶ https://t.co/OWsKvxWtzd,134,2019-04-18 19:45:00,TweetDeck,6,5
1118961132121853952,"RT @nexosmexico: Gabriel Garc√≠a M√°rquez: ""Nunca olvid√© la mirada sombr√≠a con que me pregunt√≥ mientras desayun√°bamos: ¬øPor qu√© me conociste‚Ä¶",139,2019-04-18 19:34:57,Twitter for iPhone,0,45
1118959884828069888,Muere beb√© en vientre de su madre por presunta negligencia m√©dica. Pas√≥ en M√©xico https://t.co/xV9asVsrtY https://t.co/WwPGcywcfE,129,2019-04-18 19:30:00,TweetDeck,18,7
1118959449358700546,Advierte el titular de @elconsejomx Salvador Guerrero Cipres que en Semana Santa aumenta  incidencia de robo a casa‚Ä¶ https://t.co/HVb1ERyFlS,140,2019-04-18 19:28:16,Twitter Web Client,16,7
1118958312974966784,"RT @econoclasta: De nuevo, encapuchados EXPROPIAN la caseta y EXIGEN cooperaci√≥n ‚Äúvoluntaria‚Äù. 
(De como en un pa√≠s roban recursos p√∫blicos‚Ä¶",140,2019-04-18 19:23:45,Twitter for iPhone,0,359
1118957870962368512,Asesinan a mujer durante asalto en transporte p√∫blico https://t.co/VXxKi1KtE2 https://t.co/9UIZrySZ4Z,101,2019-04-18 19:22:00,TweetDeck,11,3
1118956326443466752,"Asegura Salvador Guerrero Cipres, titular de @elconsejomx con @HectorHerreraAR que es fundamental la denuncia ciuda‚Ä¶ https://t.co/NjHqU73y5J",140,2019-04-18 19:15:52,Twitter Web Client,18,8
1118956109002203137,Revelan que Facebook recopil√≥ ‚Äúde manera involuntaria‚Äù los contactos del e-mail de m√°s de un mill√≥n de usuarios‚Ä¶ https://t.co/X05YIDSBEb,136,2019-04-18 19:15:00,TweetDeck,7,7
1118954856507740160,Habla con @HectorHerreraAR en el espacio de @lopezdoriga de @Radio_Formula el titular del Consejo @elconsejomx Salv‚Ä¶ https://t.co/jrwG6xEcBL,140,2019-04-18 19:10:01,Twitter Web Client,12,2
1118953736188190720,"Un aterrador (y muy realista) gato, lo m√°s llamativo del nuevo tr√°iler de Toy Story 4 (VIDEO)‚Ä¶ https://t.co/NX7WMSqU0V",118,2019-04-18 19:05:34,TweetDeck,40,4
1118948566532100096,Protecci√≥n Civil revela cu√°ntos incendios activos hay actualmente en M√©xico. M√°s de uno se va a sorprender‚Ä¶ https://t.co/kd83bwx1Mb,131,2019-04-18 18:45:01,TweetDeck,11,6
1118946043817803777,Primeras investigaciones revelan la causa m√°s probable del incendio de Notre-Dame https://t.co/OgvPS6Gq7d https://t.co/l6hkzdupqE,129,2019-04-18 18:35:00,TweetDeck,15,0
1118945260573425665,Usted puede seguir en vivo en esta liga https://t.co/x2X0NKoRys el noticiario de @lopezdoriga hoy con‚Ä¶ https://t.co/0qJ0MGffvM,126,2019-04-18 18:31:53,Twitter Web Client,7,1
1118943909021982720,RT @Claudiashein: La Representaci√≥n de Semana Santa de los 8 barrios de @Alc_Iztapalapa es Patrimonio Cultural Intangible de la Ciudad de M‚Ä¶,140,2019-04-18 18:26:31,Twitter for iPhone,0,60
1118943785696808965,RT @JRCossio: Comparto la posici√≥n del Consejo General de la Abogac√≠a acerca del memorando del Presidente L√≥pez Obrador. Los argumentos del‚Ä¶,140,2019-04-18 18:26:02,Twitter for iPhone,0,651
1118943526266363904,Informaci√≥n y recomendaciones sobre uno de los grandes riesgos para la salud esta Semana Santa‚Ä¶ https://t.co/IUSKee5JrU,119,2019-04-18 18:25:00,TweetDeck,10,7
1118941009503645697,El ‚Äúinfame‚Äù r√©cord obtenido por el primer episodio de la √∫ltima temporada de Game of Thrones https://t.co/bJTMzgrDvF https://t.co/02Robyi7xU,140,2019-04-18 18:15:00,TweetDeck,17,1
1118938641605308417,Todo listo para la Pasi√≥n de Cristo en Iztapalapa https://t.co/zmvAiyqMXv https://t.co/yeGL7dtlrA,97,2019-04-18 18:05:35,TweetDeck,17,3
1118934363784216576,"La primera aparici√≥n de la mexicana Eiza Gonz√°lez en la saga de R√°pido y Furioso.

Eso y m√°s en el nuevo tr√°iler de‚Ä¶ https://t.co/mzf76BABib",140,2019-04-18 17:48:35,TweetDeck,94,18
1118931446414991360,"Sorpresa en el listado de los municipios m√°s inseguros de M√©xico. Ya no es Ecatepec ni Ciudad Ju√°rez ni Reynosa.

D‚Ä¶ https://t.co/YVPW6jWqtI",140,2019-04-18 17:37:00,TweetDeck,13,10
1118929684777988097,Las consecuencias de la volcadura de un tr√°iler que transportaba a al menos 75 migrantes (VIDEO)‚Ä¶ https://t.co/pSy2ITDY0I,121,2019-04-18 17:30:00,TweetDeck,14,3
1118925910500098048,#OFICIAL Ya conocemos las fechas de semifinales de la Champions League. Ser√°n unos partidazos‚Ä¶ https://t.co/pswxnnR3om,118,2019-04-18 17:15:00,TweetDeck,23,2
1118925079465926657,"RT @Zovatto55: A la luz de las nuevas medidas econ√≥micas anunciadas x Macri, recuerdo aquellos q sosten√≠an hasta hace poco (dentro y fuera‚Ä¶",139,2019-04-18 17:11:42,Twitter for iPhone,0,4
1118922141880193024,Autoridades de Veracruz reportan escalofriante hallazgo en un solo predio https://t.co/NmrxP1xQie https://t.co/cFOmEZqXZx,121,2019-04-18 17:00:01,TweetDeck,18,3
1118918360723599365,"Encuentran sin vida a dos mujeres en Ecatepec. Presentaban varias heridas, incluida la del tiro de gracia‚Ä¶ https://t.co/JImYzqXegt",130,2019-04-18 16:45:00,TweetDeck,20,6
1118916347130286082,Dram√°ticos momentos vivieron pasajeros de jet del gobierno alem√°n luego de que alas golpearan la pista al aterrizar‚Ä¶ https://t.co/v577p4eig4,140,2019-04-18 16:37:00,TweetDeck,22,5
1118914586680315904,"Quer√≠a ser presidente de su pa√≠s, ahora est√° tras las rejas por sus nexos con el C√°rtel de Sinaloa‚Ä¶ https://t.co/4KXvegqleC",123,2019-04-18 16:30:00,TweetDeck,36,11
1118910810930257921,"Avanzan m√°s de dos mil migrantes hacia Escuintla, Chiapas.

Aqu√≠ los detalles: https://t.co/4hMKn5n1LB https://t.co/vNO6nqUeYt",126,2019-04-18 16:15:00,TweetDeck,18,5
1118907043010625537,Informaci√≥n importante para este periodo vacacional: https://t.co/oYlfzGiBcf https://t.co/cGArLdc80V,100,2019-04-18 16:00:01,TweetDeck,9,1
1118905022857850881,Aqu√≠ pueden consultar completo el informe Mueller sobre la posible colusi√≥n entre Rusia y la campa√±a de Trump:‚Ä¶ https://t.co/2EPrhpPmVq,135,2019-04-18 15:52:00,TweetDeck,25,10
1118903261199728641,Estos son los veh√≠culos deber√°n suspender su circulaci√≥n en el Valle de M√©xico debido a la Contingencia Ambiental https://t.co/rsmTrHG1Pb,137,2019-04-18 15:45:00,TweetDeck,19,10
1118900957260259328,#√öLTIMAHORA Se mantiene Fase 1 de la Contingencia Ambiental https://t.co/rsmTrHG1Pb https://t.co/3PvsRGCOez,107,2019-04-18 15:35:51,TweetDeck,36,14
1118899487496257538,Vecinos bloquean una de las vialidades m√°s transitadas de la CDMX porque no les dejaron hacer un torneo de futbol e‚Ä¶ https://t.co/9deEr8YtN9,140,2019-04-18 15:30:00,TweetDeck,48,16
1118897472510676992,Manda mensaje a Pablo Lyle la viuda del hombre que muri√≥ a causa de un golpe del actor https://t.co/qLadTfl1kr https://t.co/wdFisPvn3X,134,2019-04-18 15:22:00,TweetDeck,21,0
1118895711469408256,"Guillermo Gonz√°lez Camarena, el autodidacta y aficionado de la radio que invent√≥ la televisi√≥n a color  https://t.co/IxheYenb0r",127,2019-04-18 15:15:00,TweetDeck,105,33
1118891937753288704,Tomen sus precauciones. Esta autopista est√° cerrada desde temprano por choque de pipa contra autob√∫s‚Ä¶ https://t.co/JxMCvW6ApK,125,2019-04-18 15:00:00,TweetDeck,26,8
1118889523855990784,"‚ö†‚òÄ IMPORTANTE ‚ö†‚òÄ

Se esperan temperaturas de 28 a 30 grados cent√≠grados en nueve alcald√≠as de la Ciudad de M√©xico.‚Ä¶ https://t.co/pxv1FHlngD",139,2019-04-18 14:50:25,TweetDeck,30,8
1118885233678606336,"As√≠ se vivi√≥ el fuerte sismo magnitud 6.0 que sacudi√≥ este jueves a Taiw√°n 

(VIDEO) https://t.co/3YNt2rurc5 https://t.co/p9j4cK28AI",132,2019-04-18 14:33:22,TweetDeck,19,7
1118882812181012482,"Y al puro estilo Game of Thrones, as√≠ celebr√≥ Donald Trump la conclusi√≥n a la que lleg√≥ el Informe Mueller  

(VIDE‚Ä¶ https://t.co/rQgCtgADzJ",140,2019-04-18 14:23:44,TweetDeck,26,5
1118881500878069760,"#AMPLIACI√ìN 

El ""Informe Mueller"" concluy√≥ que no hubo ‚Äúcooperaci√≥n‚Äù entre Trump y los rusos en las elecciones pre‚Ä¶ https://t.co/h9UEDIBQK0",140,2019-04-18 14:18:32,TweetDeck,15,5
1118879943595786242,Salen a la luz im√°genes del momento en que mujer presuntamente sustrae a la menor Nancy Tirzo S√°nchez en las inmedi‚Ä¶ https://t.co/EVQcCBem2l,140,2019-04-18 14:12:20,TweetDeck,49,29
1118876841589133313,Ya estoy en Telegram. D√© clic aqu√≠ y reciba informaci√≥n en tiempo real ----&gt; https://t.co/1fTKN9fO7W https://t.co/UmxehVArLk,127,2019-04-18 14:00:01,TweetDeck,8,2
1118873881803145217,"""Vamos a garantizar la mayor transparencia posible"", afirma William Barr, el secretario de Justicia de EE.UU., sobr‚Ä¶ https://t.co/evKLFXjpNL",140,2019-04-18 13:48:15,TweetDeck,16,0
1118872863476539399,"""Despu√©s de casi dos a√±os de investigaci√≥n, el gobierno ruso auspici√≥ esfuerzos para interferir en la campa√±a, pero‚Ä¶ https://t.co/1pBjlhzLYI",140,2019-04-18 13:44:12,TweetDeck,19,3
1118871779227967489,"El Informe Mueller revela que agentes rusos intentaron interferir en las elecciones de 2016 en EE.UU., pero confirm‚Ä¶ https://t.co/IaIE0lcp7n",140,2019-04-18 13:39:54,TweetDeck,12,11
1118871048806514688,Confirmado. Habr√° reuni√≥n entre Vladimir Putin y el l√≠der norcoreano Kim Jong-un https://t.co/k0eB2yzA2O https://t.co/Ssk3BWtoex,128,2019-04-18 13:37:00,TweetDeck,50,10
1118870925854806023,"#EnVivo El fiscal general Bil Barr da a conocer el ""Informe Mueller"", con las conclusiones de la investigaci√≥n de l‚Ä¶ https://t.co/jrcc6wrDA4",140,2019-04-18 13:36:30,TweetDeck,30,9
1118868085899956224,OJO. Nuevamente integrantes del SITUAM piden 'cooperaci√≥n voluntaria' de 50 pesos por autom√≥vil en la caseta de la‚Ä¶ https://t.co/wl97eSqYDq,139,2019-04-18 13:25:13,TweetDeck,123,111
1118866039931056128,Tomen nota. Estas son las calles del Centro Hist√≥rico que se encuentran cerradas por Semana Santa https://t.co/1O0JXTxUpk,121,2019-04-18 13:17:06,TweetDeck,21,11
1118861745404047361,Qu√© caso. Condenan a hombre que asesin√≥ a su esposa enterr√°ndola viva. El crimen ocurri√≥ despu√©s de que la v√≠ctima‚Ä¶ https://t.co/HnreFEGaU2,139,2019-04-18 13:00:02,TweetDeck,35,16
1118857962624172032,"Carmen S√°nchez fue v√≠ctima de un ataque con √°cido por parte de su expareja, quien le pidi√≥ que volviera con √©l https://t.co/tidy6c9itf",134,2019-04-18 12:45:00,TweetDeck,41,14
1118854188287627269,Estados Unidos coloca a M√©xico etiqueta de alerta por secuestro https://t.co/d7dwBG2np4 https://t.co/yFBZ31S8uk,111,2019-04-18 12:30:00,TweetDeck,21,7
1118850412423966720,Estos son los veh√≠culos que no circular√°n por la Contingencia Ambiental este jueves https://t.co/Wb9qf07FgU https://t.co/D3fOZFwDtT,131,2019-04-18 12:15:00,TweetDeck,5,5
1118846638569639937,Asesinan en el Estado de M√©xico a secretario del ex jefe del Estado Mayor https://t.co/iKeIvLiDxl https://t.co/fLUmXZb1yj,121,2019-04-18 12:00:00,TweetDeck,12,6
1118844121504976896,Sentencian a tres miembros del C√°rtel Jalisco Nueva Generaci√≥n. Podr√≠an pasar hasta 36 a√±os en la c√°rcel‚Ä¶ https://t.co/UIYmWvX1yB,129,2019-04-18 11:50:00,TweetDeck,22,2
1118841604859731968,"Encuentran otro laboratorio clandestino de fentanilo en M√©xico, esta terrible droga que es potencialmente mortal‚Ä¶ https://t.co/r0vqvleGS8",137,2019-04-18 11:40:00,TweetDeck,25,13
1118839088277118976,Muy buenos d√≠as a todos,23,2019-04-18 11:30:00,TweetDeck,428,16
1118744716378550272,El Liverpool golea al Porto y la Champions se queda sin mexicanos https://t.co/Ooh7AeV69j https://t.co/3K2D2sKNFR,113,2019-04-18 05:15:00,TweetDeck,20,1
1118740689955717121,"El senador suplente Alejandro Rojas D√≠az-Dur√°n asegura que ""Morena tiene mucha prisa‚Äù por expulsarlo. 

Aqu√≠ los de‚Ä¶ https://t.co/HL1OJi2VNe",140,2019-04-18 04:59:00,TweetDeck,33,8
1118737166249500673,"Locura en Manchester. Los Spurs eliminaron al City de la Champions. Pochettino le gana la partida a Guardiola.

Las‚Ä¶ https://t.co/xOb2SZaZ7M",140,2019-04-18 04:45:00,TweetDeck,21,2
1118733391975919616,"M√©dicos evadieron impuestos por m√°s de tres mil millones de pesos, indica el SAT https://t.co/BOA47ZNTk4 https://t.co/ah4CyjpKpv",128,2019-04-18 04:30:00,TweetDeck,87,56
1118729616745803776,Estados Unidos coloca a M√©xico etiqueta de alerta por secuestro https://t.co/d7dwBG2np4 https://t.co/lPLwChYSdE,111,2019-04-18 04:15:00,TweetDeck,41,25
1118725590071353344,Abren albergue temporal para migrantes en Tapachula https://t.co/k9B5U5QS09 https://t.co/bSUcgUhxfy,99,2019-04-18 03:59:00,TweetDeck,8,2
1118722067124428803,Hombre enfrenta 100 cargos de abuso sexual https://t.co/agMZokeXOP https://t.co/xeZ9yZWn6V,90,2019-04-18 03:45:00,TweetDeck,12,5
1118718292720537602,PSG deja ir el t√≠tulo de la Ligue 1‚Ä¶ otra vez https://t.co/BSLocB7aCL https://t.co/9p4vT2GVA1,93,2019-04-18 03:30:00,TweetDeck,12,3
1118714517347655681,Sentencian a tres miembros del C√°rtel Jalisco Nueva Generaci√≥n. Podr√≠an pasar hasta 36 a√±os en la c√°rcel‚Ä¶ https://t.co/mENlDAvJrI,129,2019-04-18 03:15:00,TweetDeck,31,13
1118712000551370752,Manda mensaje a Pablo Lyle la viuda del hombre que muri√≥ a causa de un golpe del actor https://t.co/qLadTfl1kr https://t.co/hnBhMuoazK,134,2019-04-18 03:05:00,TweetDeck,22,7
1118710742935453697,Lamentable. Accidente de autob√∫s deja 28 muertos en Portugal https://t.co/p8tJd8DjPt https://t.co/tOm9ss9CpG,108,2019-04-18 03:00:00,TweetDeck,14,4
1118706967449460736,Qu√© caso. Condenan a hombre que enterr√≥ viva a su esposa por pedirle el divorcio. Pas√≥ en M√©xico‚Ä¶ https://t.co/Kh28FmELDQ,121,2019-04-18 02:45:00,TweetDeck,21,8
1118703192823468033,"As√≠ respondi√≥ Ivanka Trump cuando su padre, el presidente de Estados Unidos, le pregunt√≥ si quer√≠a dirigir el Banco‚Ä¶ https://t.co/9PEvh2sqXj",140,2019-04-18 02:30:00,TweetDeck,73,10
1118701179175702528,"Los Rockets lucen imparables esta postemporada con su poderosa ofensiva comandada por Harden y Paul, ¬øqu√© tan lejos‚Ä¶ https://t.co/3N2g3w1exS",140,2019-04-18 02:22:00,Twitter Media Studio,12,0
1118699418205806593,Estos son los veh√≠culos que no circular√°n por la Contingencia Ambiental este jueves https://t.co/Wb9qf0pgFu https://t.co/GnPuz6YrsM,131,2019-04-18 02:15:00,TweetDeck,14,5
1118697068950958083,"Estimado @RicardoMonrealA No voy a entrar en la discusi√≥n que tuve en filosof√≠a del Derecho, pero el elemento esenc‚Ä¶ https://t.co/zfWoYpTSfi",140,2019-04-18 02:05:40,Twitter for iPhone,3096,999
1118695390998454272,Kim Jong-un personalmente gu√≠a disparo de nueva arma t√°ctica https://t.co/7mZdB9WQSd https://t.co/vgHYwgSOMJ,108,2019-04-18 01:59:00,TweetDeck,17,1
1118691872791126016,El peso tiene ligera recuperaci√≥n frente al d√≥lar https://t.co/80Hf1WL7Ya https://t.co/PMOVrpMuXo,97,2019-04-18 01:45:01,TweetDeck,17,2
1118688093387853825,El r√©cord que buscar√° romper la astronauta estadounidense Christina Koch https://t.co/IawSNcYQGf https://t.co/2FbUjs1iEO,120,2019-04-18 01:30:00,TweetDeck,18,2
1118687421212831744,Aviso. https://t.co/Yx3GZ92hBO,30,2019-04-18 01:27:20,Twitter for iPhone,42,22
1118687131344543746,"RT @Cuauhtemoc_1521: Mexicano del siglo XXI, ¬øte es vergonzoso que las culturas mesoamericanas realizaran sacrificios humanos? Acaso por re‚Ä¶",140,2019-04-18 01:26:10,Twitter for iPhone,0,279
1118684318451339265,Rayo deja cuatro lesionados en la acr√≥polis de Atenas https://t.co/3TrnWVFROX https://t.co/ws6OSzHOYh,101,2019-04-18 01:15:00,TweetDeck,26,7
1118680545783840768,La Profeco puso en funcionamiento el n√∫mero 55-68-68-25-89 donde se podr√° denunciar establecimientos que no cumplan‚Ä¶ https://t.co/6UK3gjywGm,140,2019-04-18 01:00:00,TweetDeck,40,26
1118678881676869632,"Los manifestantes ped√≠an ""cooperaci√≥n voluntaria"" de 50 pesos, los cuales presuntamente ser√≠an utilizados para libe‚Ä¶ https://t.co/oulqK1hZow",140,2019-04-18 00:53:24,TweetDeck,77,31
1118676768787980289,"Suspenden deportaci√≥n de ni√±a salvadore√±a de Estados Unidos.

Laura Maradiaga, de 11 a√±os, estuvo a punto de ser en‚Ä¶ https://t.co/oPmq8d6pv9",140,2019-04-18 00:45:00,TweetDeck,12,0
1118675879494733824,"Tras m√°s de 12 horas, manifestantes liberan caseta de Tlalpan",61,2019-04-18 00:41:28,TweetDeck,86,18
1118672993343827968,Malas noticias para el Am√©rica. El cuadro de Coapa sufri√≥ cuatro bajas durante entrenamiento https://t.co/XZOg6FPtPf https://t.co/hLoWuPlZaD,140,2019-04-18 00:30:00,TweetDeck,7,2
1118669218789019648,El actor Xavier L√≥pez ‚ÄòChabelo‚Äô tuvo que ser operado de emergencia https://t.co/dJFg4umJwA https://t.co/ol34TkRAdY,114,2019-04-18 00:15:00,TweetDeck,92,44
1118665191950966784,Detienen a hombre con pipa de combustible robado en el Estado de M√©xico https://t.co/V1eWwHoTmQ https://t.co/hDJJj1zmSo,119,2019-04-17 23:59:00,TweetDeck,18,5
1118661669050290183,"Detienen a 60 aficionados del Ajax armados en Tur√≠n. 

Entre los objetos asegurados a los seguidores se encuentran‚Ä¶ https://t.co/Wi7Umdd2LL",139,2019-04-17 23:45:00,TweetDeck,12,1
1118657894231097345,La violencia no cede en la Ciudad de M√©xico. Presunto c√≥mplice mata a pareja de colombianos dedicados al robo‚Ä¶ https://t.co/D9dKTV5Bty,134,2019-04-17 23:30:00,TweetDeck,63,17
1118654119177101312,"LeBron James y Sa√∫l ‚ÄòCanelo‚Äô √Ålvarez colaborar√°n en un ambicioso proyecto. 

Aqu√≠ los detalles:‚Ä¶ https://t.co/vSCjiyLLON",120,2019-04-17 23:15:00,TweetDeck,19,3
1118650345398386690,"Sorpresa en el listado de los municipios m√°s inseguros de M√©xico. Ya no es Ecatepec ni Ciudad Ju√°rez ni Reynosa.

D‚Ä¶ https://t.co/TXGkoEk32h",140,2019-04-17 23:00:00,TweetDeck,11,8
1118646569539076096,"Encuentran otro laboratorio clandestino de fentanilo en M√©xico, esta terrible droga que es potencialmente mortal‚Ä¶ https://t.co/RIl9hDswIq",137,2019-04-17 22:45:00,TweetDeck,30,10
1118644261883457536,"RT @ahope71: Seg√∫n INEGI, se deterior√≥ la percepci√≥n de seguridad en zonas urbanas en el primer trimestre de 2019. Con esto, se revirti√≥ la‚Ä¶",140,2019-04-17 22:35:50,Twitter for iPhone,0,197
1118644230405152768,Todav√≠a no les llama. Pero les llamar√°. https://t.co/mPP0xNEMPz,63,2019-04-17 22:35:42,Twitter for iPhone,503,219
1118643261047017477,Estimado @RicardoMonrealA empezando por el Senado cuya Junta de Coordinaci√≥n Pol√≠tica presides. Saludos. https://t.co/jvEUIdbUkZ,128,2019-04-17 22:31:51,Twitter for iPhone,360,128
1118642795663675392,Consiguen reactivar los cerebros de varios cerdos... cuatro horas despu√©s de su muerte https://t.co/szCP1y4dpP https://t.co/b8KeaU22TF,134,2019-04-17 22:30:00,TweetDeck,46,17
1118642583604027393,Les digo... https://t.co/8O3896ke7f,35,2019-04-17 22:29:09,Twitter for iPhone,406,116
1118639020341387266,La Sedena dar√° mantenimiento a aviones de aerol√≠neas canadienses. Los detalles: https://t.co/9I7yzJlq33,103,2019-04-17 22:15:00,TweetDeck,20,2
1118635999926448128,"Otra marca rota por la nueva temporada de Game of Thrones, pero estoy seguro de que es un r√©cord que no les gustar√≠‚Ä¶ https://t.co/w03H1PIyru",140,2019-04-17 22:03:00,TweetDeck,16,3
1118635246738530304,Este es mi canal en YouTube https://t.co/OPgR29K0ey https://t.co/TNv1jAy7OA,75,2019-04-17 22:00:00,TweetDeck,15,0
1118631470363545602,Manda mensaje a Pablo Lyle la viuda del hombre que muri√≥ a causa de un golpe del actor https://t.co/qLadTf3qsT https://t.co/Bp8ZxCjf0r,134,2019-04-17 21:45:00,TweetDeck,26,4
1118629656796651520,"#IMPORTANTE 

Se mantiene Fase 1 de la Contingencia Ambiental en el Valle de M√©xico https://t.co/slJFOUoIuK",107,2019-04-17 21:37:47,TweetDeck,25,3
1118627696018448385,"No es broma, un popular videojuego podr√≠a ayudar a reconstruir la catedral de Notre-Dame tras el incendio‚Ä¶ https://t.co/D9DNh7gdYB",130,2019-04-17 21:30:00,TweetDeck,101,21
1118627214776389632,Se mantiene Fase 1 de Contingencia Atmosf√©rica por Ozono en la Zona Metropolitana del Valle de M√©xico,101,2019-04-17 21:28:05,TweetDeck,30,5
1118623920779857927,Trump endurece pol√≠tica de EE.UU. en contra de Cuba https://t.co/rGAcXNEkX7,75,2019-04-17 21:15:00,TweetDeck,24,6
1118618132241944577,"#√öLTIMAHORA 

La ni√±a salvadore√±a de 11 a√±os no ser√° deportada de los Estados Unidos a su pa√≠s de origen. 

El repo‚Ä¶ https://t.co/zsdFkzyEVv",140,2019-04-17 20:52:00,Twitter Media Studio,21,9
1118616370776870912,M√°s de 30 hombres atacan comandancia en Chihuahua y dejan varios muertos https://t.co/Pgwb40Wqqo https://t.co/kLzD1vPwyc,120,2019-04-17 20:45:00,TweetDeck,21,14
1118614382873804800,RT @NTelevisa_com: Polic√≠as de la CDMX agredieron a un motociclista de una empresa que entrega comida a domicilio. En el video se observa a‚Ä¶,140,2019-04-17 20:37:06,Twitter for iPhone,0,30
1118614110202155010,¬øPues no que ya no...? #HabiaDicho https://t.co/UieTJhWAo4,58,2019-04-17 20:36:01,Twitter for iPhone,70,49
1118612596528177152,Asesinan en su casa a secretario particular del jefe del Estado Mayor durante la administraci√≥n de Enrique Pe√±a Nie‚Ä¶ https://t.co/tfJc1mefT9,140,2019-04-17 20:30:00,TweetDeck,56,33
1118608820572319744,"En Guerrero, perro ayuda a encontrar mariguana dentro de la mochila‚Ä¶ de un polic√≠a ü§¶‚Äç‚ôÇÔ∏è https://t.co/6y0T1ta3n2 https://t.co/wDa29bMQZP",135,2019-04-17 20:15:00,TweetDeck,85,25
1118605047393185792,#VIDEO El momento en el que veh√≠culo pierde el control y arrolla a una aficionada mientras cantaba alegremente. Im√°‚Ä¶ https://t.co/vRh4DBhUjt,140,2019-04-17 20:00:00,TweetDeck,9,2
1118601281260490752,Con la desaparici√≥n del salario desu presidenta el DIF de Atizap√°n ahorrar√°... ¬°4 millones de pesos!‚Ä¶ https://t.co/dIt85NdR9s,125,2019-04-17 19:45:02,TweetDeck,18,8
1118597496815570944,Posponen mesa de trabajo entre la SEP y CNTE https://t.co/mGBpMba2bd https://t.co/BBh2eXSsuK,92,2019-04-17 19:30:00,TweetDeck,10,4
1118593721552068608,Muere hombre en estaci√≥n del Metrob√∫s https://t.co/RuFzyDK4R7 https://t.co/BHD1cCzICn,85,2019-04-17 19:15:00,TweetDeck,2,4
1118589951069712386,Incidente vial termina en tragedia luego de que conductor atropell√≥ al grupo de personas con las que discut√≠a en la‚Ä¶ https://t.co/qzTjK1dZSm,140,2019-04-17 19:00:01,TweetDeck,9,1
1118586172073304068,"Lanzan el √∫ltimo tr√°iler de ‚ÄòX-Men: Dark Phoenix‚Äô antes del estreno de la pel√≠cula.

#VIDEO Aqu√≠ lo pueden ver:‚Ä¶ https://t.co/9lVz8OcKw4",136,2019-04-17 18:45:00,TweetDeck,36,3
1118584362826526725,Encuentran sin vida a la mujer que amenaz√≥ con atacar escuelas de Columbine https://t.co/HUMLGP4XTM https://t.co/O7svRtFmxc,123,2019-04-17 18:37:49,TweetDeck,24,2
1118582791040589825,Usted puede seguir en vivo en esta liga https://t.co/FySweMUUxP el noticiario de @lopezdoriga en @Radio_Formula y‚Ä¶ https://t.co/EN6874Yf4U,138,2019-04-17 18:31:34,Twitter Web Client,12,1
1118581244315357184,Proh√≠ben popular aplicaci√≥n en todo un pa√≠s por difusi√≥n de pornograf√≠a https://t.co/SWuk1wDXWG https://t.co/uP1m2n8KMu,119,2019-04-17 18:25:25,TweetDeck,21,4
1118575931357106177,La raz√≥n por la que la SCJN podr√≠a restringir la convivencia entre padres e hijos https://t.co/wNtkYe2Har https://t.co/lLnGrruuK5,129,2019-04-17 18:04:18,TweetDeck,9,2
1118571459771654144,Otro incendio en el Bosque de la Primavera https://t.co/EEuesmXnmr https://t.co/lV3yfwcK6q,90,2019-04-17 17:46:32,TweetDeck,18,11
1118567299030687745,Trump habla con el papa Francisco sobre incendio de Notre-Dame https://t.co/QaMvQnJ8aJ https://t.co/1gjbR6DSf8,110,2019-04-17 17:30:00,TweetDeck,14,2
1118563522546491393,"Pese a pol√≠tica de austeridad, diputados han gastado m√°s de 412 millones de pesos en seis meses, casi todo lo asign‚Ä¶ https://t.co/WmMe2VXZFv",140,2019-04-17 17:15:00,TweetDeck,138,111
1118561509322391552,Todo sobre la protesta de maestros de la UAM en el Z√≥calo capitalino (VIDEO) https://t.co/kyUbfyVOGR https://t.co/gmS0QipszJ,124,2019-04-17 17:07:00,TweetDeck,11,1
1118559747559571458,‚ö†Ô∏è Alerta Amarilla por calor extremo en nueve alcald√≠as de la Ciudad de M√©xico https://t.co/a05M0SoaDi https://t.co/7e2u4XJLYQ,126,2019-04-17 17:00:00,TweetDeck,13,5
1118556364001959936,"RT @mileniotv: ‚ñ∂ #MilenioAlMomento 

¬°Al diablo con los que se alegran con el incendio de #NotreDame! ¬°Dense cuenta de la magnitud de la tr‚Ä¶",140,2019-04-17 16:46:33,Twitter for iPhone,0,53
1118555972505440256,Dram√°ticos momentos vivieron pasajeros de jet del gobierno alem√°n luego de que alas golpearan la pista al aterrizar‚Ä¶ https://t.co/gxIX3Ssvkq,140,2019-04-17 16:45:00,TweetDeck,16,5
1118553959101190144,Leona ataca a hombre que ignor√≥ reglas de seguridad en reserva (VIDEO) https://t.co/WZei8hG2F0 https://t.co/G7bvTtyY9e,118,2019-04-17 16:37:00,TweetDeck,25,5
1118552197392846848,"Los municipios m√°s inseguros de M√©xico:
3.- Canc√∫n
2.- Villahermosa
1.- https://t.co/NZYBDLo9P0 https://t.co/QfzN65PcKZ",119,2019-04-17 16:30:00,TweetDeck,57,56
1118550184684744704,"Por Fase 1 de Contingencia Ambiental, estos son los veh√≠culos que deber√°n suspender su circulaci√≥n el d√≠a de hoy https://t.co/tNLoobfxOF",136,2019-04-17 16:22:00,TweetDeck,30,4
1118548710693064704,#√öLTIMAHORA Se mantiene Fase 1 de Contingencia Ambiental en El Valle de M√©xico https://t.co/tNLoobfxOF https://t.co/qzEX1Roqdc,126,2019-04-17 16:16:08,TweetDeck,28,20
1118544653823819776,As√≠ la situaci√≥n en la caseta de cobro de la M√©xico-Cuernavaca en Tlalpan https://t.co/UI3b0CziTP https://t.co/BnDjMy8mkU,121,2019-04-17 16:00:01,TweetDeck,45,33
1118540873543798785,"‚ÄúEsta ma√±ana ha sucedido este lamentable accidente: el presidente tom√≥ la decisi√≥n de dispararse‚Äù.

Alan Garc√≠a mur‚Ä¶ https://t.co/SOTOBf9y0y",140,2019-04-17 15:45:00,TweetDeck,35,7
1118538552332021762,"#AMPLIACI√ìN Mart√≠n Vizcarra, presidente de Per√∫, confirma la muerte de Alan Garc√≠a https://t.co/DB4AbOPFUN",106,2019-04-17 15:35:46,TweetDeck,60,25
1118538182855811073,#√öLTIMAHORA Ha muerto el expresidente peruano Alan Garc√≠a tras dispararse cuando polic√≠as intentaron detenerlo por‚Ä¶ https://t.co/Wnqt2Ggzf3,139,2019-04-17 15:34:18,TweetDeck,127,80
1118537099278520323,Asesinan a mujer durante asalto en transporte p√∫blico de Coacalco https://t.co/VXxKi1KtE2 https://t.co/VgTFYN9ydo,113,2019-04-17 15:30:00,TweetDeck,15,7
1118537097990684672,La inseguridad en el transporte p√∫blico del Valle de M√©xico. Asesinan a mujer durante asalto a combi en Coacalco https://t.co/R6U0C2lJkH,136,2019-04-17 15:30:00,TweetDeck,46,30
1118533324492935169,"¬øCu√°ntas cuentas ha bloqueado la Unidad de Inteligencia Financiera de Hacienda por v√≠nculos con lavado de dinero, c‚Ä¶ https://t.co/4aczierXgn",140,2019-04-17 15:15:00,TweetDeck,17,11
1118529550462406657,Time incluye a Andr√©s Manuel L√≥pez Obrador y a Yalitza Aparicio en su lista de las 100 personas m√°s influyentes de‚Ä¶ https://t.co/teGyz8wWuL,139,2019-04-17 15:00:00,TweetDeck,124,18
1118526558375796736,"Retiran de las tiendas las galletas de la marca Chips Ahoy!, por contener ‚Äúingrediente solidificado inesperado‚Äù 

D‚Ä¶ https://t.co/jGCFVSShzg",140,2019-04-17 14:48:07,TweetDeck,53,41
1118523793578708994,"#√öLTIMAHORA 

¬°Ya hay fecha confirmada! A horario estelar el pr√≥ximo juego de la NFL en M√©xico. 

Detalles:‚Ä¶ https://t.co/c96Gv4qsYl",132,2019-04-17 14:37:08,TweetDeck,59,12
1118523760049410049,"Al mismo tiempo que Notre-Dame ard√≠a, otro sitio religioso se incendi√≥... en Jerusal√©n https://t.co/0dTB7fe9fq https://t.co/Rn0GStAC55",134,2019-04-17 14:37:00,TweetDeck,71,16
1118521998638866432,Tomen nota. Este es el horario especial con el que operar√° el transporte p√∫blico del Valle de M√©xico por D√≠as Santo‚Ä¶ https://t.co/sMaxTO80Rk,140,2019-04-17 14:30:00,TweetDeck,12,0
1118519223054024704,Manda mensaje a Pablo Lyle la viuda del hombre que muri√≥ a causa de un golpe del actor https://t.co/qLadTfl1kr https://t.co/CBl2Erb7Io,134,2019-04-17 14:18:58,TweetDeck,9,3
1118515707774418944,El inminente problema que podr√≠a retrasar la reconstrucci√≥n de la catedral de Notre-Dame https://t.co/yOeTBo1dzd https://t.co/EtCHAKWeaq,136,2019-04-17 14:05:00,TweetDeck,18,1
1118514456919547907,Los espero tambi√©n en Instagram https://t.co/FTqWB4BJNP https://t.co/Mn67USaoBV,79,2019-04-17 14:00:02,TweetDeck,12,1
1118511646282936326,"Se cumplen cinco a√±os de la muerte del gran Gabriel Garc√≠a M√°rquez, uno de los escritores m√°s importantes del Siglo‚Ä¶ https://t.co/WNRVw1Gkjv",140,2019-04-17 13:48:52,TweetDeck,128,37
1118509334349017088,L√≥pez Obrador revela la raz√≥n de haber emitido el pol√©mico memor√°ndum para dejar sin efecto la Reforma Educativa‚Ä¶ https://t.co/iGqB9gGBfv,137,2019-04-17 13:39:40,TweetDeck,22,11
1118507519716888577,Este mi√©rcoles se mantiene la Fase 1 de Contingencia Ambiental en el Valle de M√©xico https://t.co/cQGDhXnSRB,108,2019-04-17 13:32:28,TweetDeck,19,9
1118503326050447366,"El secretario personal de Alan Garc√≠a confirm√≥ que tras notar la presencia del fiscal en su domicilio, el expreside‚Ä¶ https://t.co/EnjqB3n2ce",140,2019-04-17 13:15:48,TweetDeck,62,16
1118502466239094785,"#√öLTIMAHORA

El expresidente Alan Garc√≠a se dispar√≥ antes de ser detenido por el caso Odebrecht‚Ä¶ https://t.co/yawD1MCJV3",120,2019-04-17 13:12:23,TweetDeck,129,82
1118499639756374017,"#IMPORTANTE 

Revela rector cu√°nto tiempo estar√° cerrada al p√∫blico la catedral de Notre-Dame‚Ä¶ https://t.co/XvD0GsGneR",118,2019-04-17 13:01:09,TweetDeck,16,5
1118497318032920576,"Reitera L√≥pez Obrador: ""hice el compromiso de que iba a cancelar la Reforma Educativa. Y lo estoy cumpliendo."" 

EN‚Ä¶ https://t.co/RbxLbaHYvq",140,2019-04-17 12:51:55,TweetDeck,21,2
1118496419923603456,"Sobre el memor√°ndum de la Reforma Educativa, L√≥pez Obrador reiter√≥ que si bien gener√≥ m√∫ltiples opiniones al respec‚Ä¶ https://t.co/wc7fARUeed",140,2019-04-17 12:48:21,TweetDeck,18,3
1118495535252402176,"Sobre el caso de la periodista Lydia Cacho, L√≥pez Obrador celebra que las autoridades est√©n dando tr√°mite y proceda‚Ä¶ https://t.co/ByJPhQMHOd",140,2019-04-17 12:44:50,TweetDeck,6,2
1118492031318233088,Estos son los criterios t√©cnicos de selecci√≥n que emplear√° el gobierno federal para asignar la comunicaci√≥n oficial‚Ä¶ https://t.co/MgFL8pxW0l,140,2019-04-17 12:30:55,TweetDeck,7,4
1118491799713140743,Francia lanza concurso para reconstruir aguja de la catedral de Notre-Dame https://t.co/4orKvmDEDM,98,2019-04-17 12:30:00,TweetDeck,23,3
1118490794300596224,"El gobierno utilizar√° el 100 por ciento de los Tiempos Oficiales en radio y televisi√≥n, informa Jes√∫s Ram√≠rez. 

EN‚Ä¶ https://t.co/CGBKawDztO",140,2019-04-17 12:26:00,TweetDeck,4,0
1118489956312203265,"Revela el vocero del gobierno, Jes√∫s Ram√≠rez, el gasto en publicidad oficial del gobierno federal desde 2007. 

EN‚Ä¶ https://t.co/1lrEW6u0t1",139,2019-04-17 12:22:40,TweetDeck,8,2
1118488796624855043,Jes√∫s Ram√≠rez afirma que el objetivo de la pol√≠tica de comunicaci√≥n es incentivar el impacto de la acci√≥n gubername‚Ä¶ https://t.co/u9iV3t79lX,140,2019-04-17 12:18:04,TweetDeck,3,3
1118488024868724736,Persiste mala calidad del aire en el Valle de M√©xico. Se mantiene la Fase 1 de Contingencia Ambiental‚Ä¶ https://t.co/CsOaLNMsKX,126,2019-04-17 12:15:00,TweetDeck,9,2
1118487472042729472,"Toma la palabra Jes√∫s Ram√≠rez, el vocero del Gobierno de la Rep√∫blica, para presentar la pol√≠tica de comunicaci√≥n s‚Ä¶ https://t.co/zbQYjSiEZu",140,2019-04-17 12:12:48,TweetDeck,4,0
1118486356135534593,"L√≥pez Obrador anuncia que, como parte de la pol√≠tica de austeridad, el gobierno federal disminuir√° en un 50 por cie‚Ä¶ https://t.co/kUhcDAf9zS",140,2019-04-17 12:08:22,TweetDeck,9,3
1118485724355973120,#EnVivo Inicia conferencia matutina de L√≥pez Obrador. La √∫ltima de la semana https://t.co/2x8eOF9Qxv https://t.co/qj5HiZp4ic,124,2019-04-17 12:05:51,TweetDeck,27,0
1118484252390244352,Estos son los veh√≠culos que no circulan este mi√©rcoles: https://t.co/CcWKOheU9h,79,2019-04-17 12:00:00,TweetDeck,9,2
1118481733509369857,El ministro en retiro Jos√© Ramon Coss√≠o subray√≥ que el memor√°ndum de L√≥pez Obrador para dejar sin efecto la Reforma‚Ä¶ https://t.co/AmHaka4zco,140,2019-04-17 11:50:00,TweetDeck,517,159
1118479217275150341,Guillermo Z√∫√±iga renuncia a la Comisi√≥n Reguladora de Energ√≠a https://t.co/qYpkFrZeQ1 https://t.co/uCl28fNoUo,109,2019-04-17 11:40:00,TweetDeck,10,7
1118474183497830401,"La Canacar afirm√≥ que en M√©xico se paga el doble de impuestos en la transportaci√≥n, en comparaci√≥n con Estados Unid‚Ä¶ https://t.co/vFKCTqVEcr",140,2019-04-17 11:20:00,TweetDeck,60,36
1118471415584391168,Nueva campanada del Ajax en Europa https://t.co/AxuHfff5tr https://t.co/GnEOWjXwCm,82,2019-04-17 11:09:00,TweetDeck,13,1
1118469157035626496,Buen d√≠a a todos,16,2019-04-17 11:00:01,TweetDeck,251,10
1118382328307273728,"Los Yankees no tuvieron piedad con los Red Sox. 

El zurdo James Paxton tuvo un gran debut en la rivalidad m√°s gran‚Ä¶ https://t.co/u7PUxYUqfD",140,2019-04-17 05:15:00,TweetDeck,41,3
1118378302056611841,Unidad Canina de la Polic√≠a Federal celebr√≥ tres d√©cadas de servicio https://t.co/9qTiXpLdqc https://t.co/Pod9IjKNeu,116,2019-04-17 04:59:00,TweetDeck,49,3
1118374778258124800,Suman 75 d√≠as de huelga en la UAM y las negociaciones siguen estancadas https://t.co/fFiQYbu00j https://t.co/BI4mKoKmm7,119,2019-04-17 04:45:00,TweetDeck,24,10
1118371004357709825,As√≠ transcurri√≥ la primera entrega de ayuda humanitaria en Venezuela https://t.co/2YihicUYAi https://t.co/7vONECrMk8,116,2019-04-17 04:30:00,TweetDeck,29,9
1118367229479989248,"Se mantiene Fase 1 de Contingencia Ambiental en el Valle de M√©xico.

Estos son los veh√≠culos que no circular√°n este‚Ä¶ https://t.co/GSeBjNd0pz",140,2019-04-17 04:15:00,TweetDeck,17,11
1118364712486559746,Incendio consume al menos 300 hect√°reas en Biosfera de los Petenes https://t.co/e4Arwwdd3N https://t.co/hwGd1MLG1a,114,2019-04-17 04:05:00,TweetDeck,40,18
1118364165788372993,¬ø‚ÄùAdeudos‚Äù? Entre el corrector y la ignorancia. Les digo. üòÇüòÇüòÇ https://t.co/3a6ivXOIau,85,2019-04-17 04:02:49,Twitter for iPad,418,42
1118363455583608833,Reciba las noticias m√°s importantes en su correo electr√≥nico; s√≥lo tiene que suscribirse en https://t.co/BjdELZkpfR https://t.co/wYoSKJcIfg,139,2019-04-17 04:00:00,TweetDeck,14,2
1118359680286384128,ICE deporta a mexicano esposo de una soldado que muri√≥ en combate en Afganist√°n https://t.co/DJz3sKRm1w https://t.co/ZVPYFnjAa2,127,2019-04-17 03:45:00,TweetDeck,47,20
1118355904322207745,Portero profesional es absuelto por mostrar un ‚Äúgrado de ignorancia lamentable‚Äù al realizar una se√±al racista‚Ä¶ https://t.co/OvOsLuBYIR,134,2019-04-17 03:30:00,TweetDeck,17,4
1118352129100353537,Estos son los veh√≠culos con restricciones por Fase 1 de Contingencia https://t.co/0wZdIJReBV https://t.co/7d4mNfXM2F,116,2019-04-17 03:15:00,TweetDeck,20,10
1118348355208278016,"Nuevo mensaje del expresidente Vicente Fox para L√≥pez Obrador, ahora por el memor√°ndum para dejar sin efecto la Ref‚Ä¶ https://t.co/uloqUWXAsj",140,2019-04-17 03:00:00,TweetDeck,1121,394
1118344579626033152,Qu√© caso. Beb√© nace sin piel y en un primer diagn√≥stico los m√©dicos no le daban ninguna esperanza. Hoy se encuentra‚Ä¶ https://t.co/ghK71itLsp,140,2019-04-17 02:45:00,TweetDeck,61,9
1118342566620160001,El hecho de organizar su boda sin ayuda alguna tuvo consecuencias catast√≥fricas para esta novia‚Ä¶ https://t.co/10NRtrYCOR,120,2019-04-17 02:37:00,TweetDeck,54,13
1118340805188620289,"La Canacar afirm√≥ que en M√©xico se paga el doble de impuestos en la transportaci√≥n, en comparaci√≥n con Estados Unid‚Ä¶ https://t.co/cip9za0VrT",140,2019-04-17 02:30:00,TweetDeck,91,38
1118337030013038592,"El equipo de futbol Par√≠s Saint-Germain colaborar√° en la restauraci√≥n de Notre-Dame

Aqu√≠ los detalles:‚Ä¶ https://t.co/gUITs78kVi",128,2019-04-17 02:15:00,TweetDeck,77,12
1118333255244308480,Guillermo Z√∫√±iga renuncia a la Comisi√≥n Reguladora de Energ√≠a https://t.co/qYpkFrZeQ1 https://t.co/SboX7RSxYQ,109,2019-04-17 02:00:00,TweetDeck,13,7
1118329480068489216,"#VIRAL 

La entrevista a Lionel Messi cuando ten√≠a 13 a√±os que est√° dando de qu√© hablar https://t.co/KmJl3G2dIk https://t.co/3ELY4B23Ns",135,2019-04-17 01:45:00,TweetDeck,27,7
1118328551516852226,As√≠ #NotreDame tras el incendio...Si se salv√≥ https://t.co/sCf6ptr7Bd,69,2019-04-17 01:41:18,Twitter for iPhone,158,16
1118325705001979904,Mario Delgado emplaza al magisterio a llegar a acuerdo antes del 30 de abril https://t.co/aaLnXDHnsx https://t.co/XZnfgBvxrG,124,2019-04-17 01:30:00,TweetDeck,8,2
